id_video,titulo,dt_publicacao,id_canal,canal,dt_trending,cont_views,likes,dislikes,cont_comentarios,descricao,categoria
T_YGfdBhy6s,Julia Franco- se voc√™ errar a resposta balde de √°gua na cabe√ßa,2021-03-30 22:12:46+00:00,UCAhZ2eZUVnHN5IKoB5FvTow,mundo da Juju E pep√™,2021-04-12 00:00:00+00:00,794011,85263,1526,163,#jujufranco #juliafranco,People & Blogs
xa49MdOqYLI,"Palmeiras vence o Gr√™mio, paulistas estreiam, Cuca no Galo e Fla reformula | Posse de Bola #104",2021-03-01 13:11:30+00:00,UC3KHYFWeB0WimMBfm3NEahQ,UOL Esporte,2021-03-07 00:00:00+00:00,115009,9159,323,617,"Posse de Bola desta segunda-feira analisa a vit√≥ria do Palmeiras sobre o Gr√™mio no primeiro jogo da final da Copa do Brasil, em Porto Alegre, a estreia com empates de Corinthians, Santos e S√£o Paulo, com estreia de Hernan Crespo, no Campeonato Paulista, o Atl√©tico-MG pr√≥ximo de acertar o retorno do t√©cnico Cuca e o que pode mudar no Flamengo ap√≥s o t√≠tulo brasileiro.Toda segunda-feira e sexta-feira, ao vivo, Arnaldo Ribeiro, Eduardo Tironi, Juca Kfouri e Mauro Cezar Pereira debatem os principais assuntos do futebol brasileiro. Inscreva-se no canal para n√£o perder os pr√≥ximos.",Sports
XjKx-kiRmQA,TIRINGA LEVA T√ïE √Ä PRAIA PELA PRIMEIRA VEZ ,2021-01-26 23:00:31+00:00,UCajp7rm8GPY1Lw_eVfMmmVA,CH√ÅCARA COM√âDIA SELVAGEM,2021-02-05 00:00:00+00:00,1880144,176786,1836,3297,"CONTINUA√á√ÉO DO V√çDEO NO CH√ÅCARA COM√âDIA SELVAGEMLINK: https://www.youtube.com/channel/UCajp7rm8GPY1Lw_eVfMmmVA_SE FOR DO MIMIMI N√ÉO SE INSCREVA!MAS SE FOR GENTE BOA √â PRA METER O DEDO!T√ïE DE TIRINGA PEGA NA SALAMANTA, A COBRA MORDEDEIRA | CH√ÅCARA COM√âDIA SELVAGEM ¬ÆT√ïE DE TIRINGA PEGA NA SALAMANTA, A COBRA MORDEDEIRA  | CH√ÅCARA COM√âDIA SELVAGEM ¬ÆT√ïE DE TIRINGA PEGA NA SALAMANTA, A COBRA MORDEDEIRA  | CH√ÅCARA COM√âDIA SELVAGEM ¬ÆConhe√ßa os nossos produtos no site TIRINGA OFICIAL!Acesse: https://tiringaoficial.com.br____Tiringa is the Brazilian ChotuTiringa ‡§¨‡•ç‡§∞‡§æ‡§ú‡•Ä‡§≤ ‡§ï‡§æ ‡§õ‡•ã‡§ü‡•Ç ‡§π‡•à #Tiringa #Charlles #Comedy #Chotu ._ __ FICHA T√âCNICA - CANAL COM√âDIA SELVAGEM ¬ÆDiretor, Roteirista e Editor:Charlles Rekson Barboza de LimaPersonagens Principais:Charlles Rekson Barboza de Lima - CharllesJos√© Ant√¥nio da Silva - T√µeCategoria dos V√≠deos:Com√©diaClassifica√ß√£o Indicativa:+14 anosGest√£o do Canal no YouTubeRicardo Gomes Grupo no Telegram:https://t.me/grupocomediaselvagem .Contato no Telegram:https://t.me/contatocomediaselvagemContato por e-mail:psico.ricardogomes@gmail.com",Comedy
DXCawDyyOTg,[Aula 01] 3¬™ Quarentena da Costura,2020-11-04 12:15:09+00:00,UCQnmd3WsYwXOz_1Z5BmAajg,Diana Demarchi,2020-11-06 00:00:00+00:00,221013,15645,263,4373,"PEGUE SEUS MOLDES AQUI https://costureirademaocheia.com/qdc-aula-1/Link para o Grupo VIP no WhatsApp: https://costureirademaocheia.com/grupo-whatsapp-qdc3 Link para a Comunidade no Facebook:  https://www.facebook.com/groups/3quarentenadacostura3¬™ QUARENTENA DA COSTURA da Diana Demarchi O MAIOR e MELHOR Evento Online de Costura do BrasilNesse evento 100% ONLINE e 100% GRATUITO de 03 a 07 de Novembro voc√™ vai descobrir: O Passo a Passo Completo para se Tornar uma Costureira de M√£o Cheia e costurar pe√ßas t√£o lindas que nem a sua fam√≠lia vai acreditar. Como Trabalhar com a Costura de forma profissional, mesmo em Tempos de CRISE. Como Gerar de 2 a 5 Mil Reais por M√™s com a Costura Trabalhando SEM SAIR DE CASA. Al√©m de concursos valendo Pr√™mios Exclusivos como 05 M√ÅQUINAS DE COSTURA SINGER e 10 KITs de Costura Diana Demarchi.Para participar clique agora mesmo ‚û°Ô∏è clique no link abaixo  https://costureirademaocheia.com/grupo-whatsapp-qdc3",Entertainment
i-zTRZnSwcI,#CopaVerde - Independente x Clube do Remo,2021-02-07 21:26:38+00:00,UCsLGx5V5iv-JHbG10oDZOcw,Remo TV,2021-02-14 00:00:00+00:00,125733,6519,189,45,Loja Virtual do Le√£o: http://www.clubedoremo.com.br/loja‚Äã#OReiDaAmaz√¥nia #ClubeDoRemo #Transmiss√£o,Sports
6Fphpd1C5z4,Matheus & Kauan - √â Problema (Making Of),2020-11-14 14:00:03+00:00,UC4WvVh0AwJ6K9w1JLepce7A,Matheus e Kauan,2020-11-21 00:00:00+00:00,54683,4023,32,91,Making Of de √â Problema Assista agora no youtubehttps://www.youtube.com/watch?v=3QTUjsF50PM,Music
-Ss6kIkmCtI,FLUZ√ÉO NA FINAL! | FLUMINENSE 3X1 PORTUGUESA - MELHORES MOMENTOS,2021-05-09 21:42:56+00:00,UCbFZ3wmgC7VF0dJnTtKC10A,Carioc√£o TV,2021-05-17 00:00:00+00:00,24850,869,22,72,"Com gols de Yago Felipe, Matheus Teixeira e Kayky, o Fluminense venceu a Portuguesa e est√° na final do #Carioc√£o!Siga o Carioc√£o nas Redes Sociais:‚ñ∂Ô∏è Instagram.com/cariocao‚ñ∂Ô∏è Twitter.com/cariocao‚ñ∂Ô∏è Tiktok.com/@cariocao‚ñ∂Ô∏è Facebook.com/campeonatocariocaoficial‚ñ∂Ô∏è  Kw.ai/IK58v9h4",Sports
sZ7oZoNBBXE,Priscilla Alcantara - Tem Dias,2021-08-06 14:00:10+00:00,UCVspHhohr0GVv6d69nlHCgA,PrisAlcantaraVEVO,2021-08-16 00:00:00+00:00,1374142,55079,3887,6302,"V√≠deo Oficial de Tem Dias da Priscilla Alcantara.Ou√ßa agora e adicione nas suas playlists: https://smb.lnk.to/TemDiasInscreva-se no canal: http://bit.ly/YouTubePriSiga Priscilla nas redes sociais! Facebook: https://www.facebook.com/priscillaalcantaraoficial/Instagram: https://www.instagram.com/priscillaalcantara/Twitter: https://twitter.com/prialcantara/ Site Oficial: http://www.priscillaalcantara.com.br/-LETRA ‚ÄúTEM DIAS‚Äù(Priscilla Alcantara, Karen Jonz e Lucas Silveira)Essa foto antiga eu n√£o seiNem mais quando foi que eu tireiQuando olho sinto algo esquisitoN√£o sobrou mais nada que fale comigoN√£o ser sempre igualQuem vou ser no finalDa medo de errarPior √© nem tentarTem dias que eu sintoQue eu s√≥ existoNa hora em que ningu√©m me v√™ A gente n√£o percebe Que ningu√©m conseguePor tanto tempo se esconderEnt√£o deixe que o tempo revele voc√™Deixe que o tempo revele voc√™Deixe que o tempo revele voc√™Na hora em que ningu√©m te v√™Meu pr√≥prio reflexo n√£o seiNem mais quando foi que eu olheiChamei o espelho de inimigoS√≥ porque ele foi sincero comigo-FICHA T√âCNICADiretor: Jo√£o MonteiroDire√ß√£o Criativa: Jo√£o Monteiro & Audrey NobregaPrimeira assistente de dire√ß√£o: Tize SalatiDire√ß√£o de Produ√ß√£o: Dani Fa√ßanha                        Coordena√ß√£o De Produ√ß√£o: Felipe OlalquiagaDire√ß√£o de fotografia: Victor AlencarOperador de c√¢mera: Nicholas ZugaibAssistente de fotografia: Jo√£o Lucas Bandeira Petilo de CarvalhoLogagem: Carol ColomboV√≠deo assist: Ca√≠que BarbozaFotografia Still: Rodolfo Magalh√£esDire√ß√£o de Arte: Annik Maas Produ√ß√£o de Arte: Alice Barcelos Assistente de Arte: Camila Barros da Motta SoaresContrarregra: Jorge SpadaroContrarregra: Gustavo PradoMotorista: Arian FrotaCineProdutora de loca√ß√£o: Movimenta Produ√ß√µesProdu√ß√£o de set: Eduardo Ferreira Andreani      Plat√¥: Silvanio Rodrigues dos SantosPlat√¥: FS Amorim Motorista: Jamaica Bahia                             Beleza: Jakelline FalchiAssist√™ncia de Beleza: Juliana BonfimNail art: Roberta MunisFigurino: Juliana BordinAssist√™ncia de Figurino: Kevin Fernando Tertuliano         Camareira: Edna Maria Mesquit               Gaffer: Frank Closel Maquinaria: Rog√©rio CostaAssist√™ncia de Maquinaria: Aliandro zotiAssist√™ncia de el√©trica: Igor CarvalhoAssist√™ncia de el√©trica: Marciel Anser BuenoAssist√™ncia de el√©trica: Criolo Edi√ß√£o - Gabriel C√©sarColor - Alexandre Crist√≥faro - ClandestinoTestes COVID: Dom Bosco Remo√ß√µes M√©dicas LTDAEquipamento C√¢mera: Digital 35Equipamento de Luz: Cine Gripp e Trakitana Proje√ß√£o: ON Proje√ß√µesCatering: Helipa Gastronomia Seguro: GBI Seguros Estrutura de Produ√ß√£o: √Åguia Loca√ß√µes Van de C√¢mera: Delmiro Jos√© da SilvaMotorista: Adelvan Vieira BarbosaMotorista: Gilberto Correia DiasSONY MUSICPresidente: Paulo JunqueiroDiretor A&R: Bruno BatistaDiretora de Marketing e Promo√ß√£o: Cristiane Sim√µesA&R: Karina MartinsA&R Audiovisual: Karina Taccolini e Vanessa AnesiEstagi√°ria A&R Audiovisual: Luiza CatalaniLabel Marketing: Rodrigo CameloLabel Marketing Digital: Clara Egues#PriscillaAlcantara #TemDias",Music
IH2YN86dfhY,TIPOS DE JOGADORES #29 (EDI√á√ÉO ESPECIAL: T√âCNICO DE FUTEBOL),2020-09-06 21:43:06+00:00,UCriRvZSnEFPSMqSya2s2U6g,Banheiristas,2020-09-14 00:00:00+00:00,593637,45439,512,839,IRM√ÉOS LO:https://www.youtube.com/channel/UCGmK5lxJny00jnQl03rvgEw/videos[INSCREVA-SE NO CANAL]INSTAGRAM@banheiristas@caiolo@vitorlo_@owenesquilo@rodrigobanheiristasCUPOM 5% DE DESCONTO NO SITE DA EDIFIER: BANHEIRISTAShttps://www.lojaedifier.com.br/VEM COM OS BANHEIRISTAS NO ORLANDO SOCCER CAMP EM 2021! TODAS INFORMA√á√ïES NESTE LINK: https://www.ie.com.br/intercambio/ferias-teen/orlando-soccer-campAPENAS! CONTATO COMERCIAL:banheiristas@gmail.com,Sports
g0pXKnt4OQ8,A √öLTIMA PE√áA QUE FALTAVA PRA LIGAR A XT660,2021-02-12 15:00:31+00:00,UCs1JevIKnU4E4ULMZr-0Qog,Hugo Milgrau,2021-02-18 00:00:00+00:00,170289,30070,136,594,Me siga no Insta: @hugooficialMeu face: http://facebook.com/hugo.milgrauQUER ME ENVIAR PRESENTES?Caixa Postal numero 16CEP: 72800 970Luzi√¢nia-GO,Entertainment
GuLYiV0Cjd4,MAS J√Å ? Xiaomi POCO M3 PRO 5G chegooooou ! PRE√áO SURREAL | Menos de 1000 REAIS |,2021-05-19 15:15:00+00:00,UCJY41yD2uXdj3sV-8sMOcGw,K Tech,2021-05-23 00:00:00+00:00,195863,13597,159,991,"Para comprar sempre com o melhor pre√ßo acesse o nosso grupo de cupons e promo√ß√µes  https://t.me/s/ktechpromocoesEstamos no Kwai, siga o canal, utilize o nosso c√≥digo e comece a ganhar dinheiro assistindo v√≠deos  https://s.kwai.app/s/b1d1vBzF LINK PARA COMPRA DO SMARTPHONE XIAOMI POCO M3 PRO 5G 128GB ( CUPOM: BRLOVE5 ou 10M3PRO )  https://bit.ly/3bFNukK https://bit.ly/3bFNukKXIAOMI POCO M3 PRO 5G 64GB ( CUPOM: BRLOVE5 ou 10M3PRO )  https://bit.ly/3bFNukK https://bit.ly/3bFNukKMelhor smartphone at√© 2500 reais  https://ali.ski/IdNsp https://ali.ski/IdNspMelhor smartphone at√© 2000 reais  https://ali.ski/pAyCh https://ali.ski/pAyChMelhor smartphone at√© 1500 reais  https://ali.ski/_6vqiG https://ali.ski/_6vqiGMelhor smartphone at√© 1000 reais  https://ali.ski/fmf0z https://ali.ski/fmf0z Melhores smartphones baratinhos  UMIDIGI A9 PRO  https://ali.ski/v0fde https://ali.ski/v0fdeXIAOMI POCO M3  https://ali.ski/4pozp https://ali.ski/4pozp N√£o esque√ßa de se inscrever no canal clicando aqui  http://bit.ly/Inscri√ß√£oKTech Melhores Xiaomi j√° no BRASIL SEM TAXAXIAOMI MI 10T LITE 5G 6/128 https://amzn.to/2MKgejf https://amzn.to/2MKgejfXIAOMI POCO M3 4/128 https://amzn.to/3b3Nk7p https://amzn.to/3b3Nk7pXIAOMI POCO X3 NFC 6/128 https://amzn.to/30W4CgM https://amzn.to/30W4CgMXIAOMI MI 10 8/128 https://amzn.to/3h3s8OM https://amzn.to/3h3s8OMPOCOPHONE F2 PRO 6/128 https://amzn.to/2C4s8iL https://amzn.to/2C4s8iLXIAOMI MI NOTE 10 PRO 8/256 https://amzn.to/2WlY0pW https://amzn.to/2WlY0pWXIAOMI MI NOTE 10 LITE 8/128 https://amzn.to/32o0lnY https://amzn.to/32o0lnYREDMI NOTE 9s 6/128 https://amzn.to/3ezxyPI https://amzn.to/3ezxyPIREDMI NOTE 9 PRO 6/128 https://amzn.to/3h2zWA8 https://amzn.to/3h2zWA8XIAOMI POCOPHONE F2 PRO 6/128 https://amzn.to/2ZzvoKt https://amzn.to/38pF2mUXIAOMI REDMI NOTE 9 PRO 6/128 https://amzn.to/2VKxc22 https://amzn.to/2VKxc22XIAOMI REDMI NOTE 9 4/128 https://amzn.to/3gncayD https://amzn.to/3gncayDXIAOMI REDMI NOTE 9 3/64 https://amzn.to/2VLS9tF https://amzn.to/2VLS9tFXIAOMI REDMI 9 4/64 https://amzn.to/2C4WZvb https://amzn.to/2C4WZvbXIAOMI REDMI NOTE 9S 4/64 https://amzn.to/2AwKasK https://amzn.to/2AwKasKXIAOMI REDMI NOTE 9S 6/128 https://amzn.to/2WwW8uR https://amzn.to/2WwW8uRXIAOMI MI NOTE 10 8/128 https://amzn.to/34cFKjQ https://amzn.to/34cFKjQXIAOMI REDMI NOTE 8 https://amzn.to/2M0IAmk https://amzn.to/2M0IAmkXIAOMI REDMI NOTE 8 PRO https://amzn.to/35swvha https://amzn.to/35swvhaXIAOMI MI 9 LITE https://amzn.to/2noNXlF https://amzn.to/2noNXlFXIAOMI MI 9T https://amzn.to/2JWfUsd https://amzn.to/2Kp4HmKXIAOMI MI 9T PRO https://amzn.to/2ZDelFy https://amzn.to/2ZDelFyXIAOMI MI 8 LITE https://amzn.to/2JXNPmX https://amzn.to/2XpGu2hXIAOMI REDMI NOTE 7 https://amzn.to/2Wi2iLW https://amzn.to/2HYa1uZXIAOMI MI A3 https://amzn.to/30Z2TF1 https://amzn.to/30VNdCIXIAOMI MI 9 SE https://amzn.to/2Wg1GGC https://amzn.to/2WTLTC5XIAOMI MI 9 https://amzn.to/2WSmhFG https://amzn.to/2WkC4J2ASSINE O AMAZON PRIMEFrete GR√ÅTIS em MILHARES de Produtos e Servi√ßo de Entretenimento com V√≠deos e M√∫sicas!TESTE GR√ÅTIS POR 30 DIAS! -  https://amzn.to/31iLKXyDica: Se pegar o plano de 1 ano, fica por R$7,40 por m√™s e ainda garante durante 1 ano sem aumentos! :GRUPO DE CUPONS DE DESCONTO Grupo Cupons de Desconto Telegram https://t.me/s/ktechpromocoesGrupo Cupons de Desconto Whatsapp http://bit.ly/cuponsktech4 http://bit.ly/cuponsktech5 http://bit.ly/cuponsktech6 http://bit.ly/cuponsktech7SMARTPHONES DO CANAL A VENDA - http://www.instagram.com/lojacanalktech LOJAS QUE COMPRO E INDICO BANGGOOD ‚Äì http://bit.ly/KTECHBANGGOOODAMAZON BRASIL ‚Äì http://bitly.com/KTECHAMAZONALIEXPRESS - http://bit.ly/KTECHALIEXPRESSFotos no DRIVE ‚Äì https://bit.ly/34aQPo9(00:00) Introdu√ß√£o(01:54) Unboxing(09:40) Teste de C√¢mera (13:15) Teste de √Åudio (14:09) Teste de Antutu (14:24) Teste Jogos (16:45) Resumo e Considera√ß√µes Finais INSCREVA-SE INSTAGRAM: https://www.instagram.com/canalktechFACEBOOK: https://www.facebook.com/canalktechoficialSUPER GRUPO TELEGRAM: https://t.me/supergrupoktechE-MAIL: canalktech@gmail.comPOCO M3 PRO 5G - PT BR - Brasil - Portugal ‚Äì Portugu√™s ‚Äì Europe#xiaomi #pocom3pro5g #ktech",Science & Technology
ce8roGn1KHQ,REVELANDO A CASA NOVA QUE COMPRAMOS,2021-01-14 16:39:48+00:00,UCR3vcUrhFUdzagng58ueI2w,Invento na Hora,2021-01-23 00:00:00+00:00,2781031,347261,3083,9288," A LOJA EST√Å DE VOLTA: https://www.inventonahora.com.br/ V√≠deo mostrando a casa inteira: https://youtu.be/huAN7Dz9bjo INSTAGRAM: http://www.instagram.com/lucas_lira ‚úîÔ∏è TWITTER: http://www.twitter.com/lucas_lira ‚úîÔ∏èFACEBOOK: http://www.facebook.com/inventonahora  E-MAIL: comercial@inventonahora.tvEscolhemos e compramos a nossa pr√≥xima casa (parcelada em 300 mil vezes, mas compramos kkkkk) gra√ßas a Deus e gra√ßas ao apoio e for√ßa de voc√™s!! Muito obrigado galera, de verdade!! Voc√™s s√£o muito importante na minha vida, e t√° vindo uma fase incr√≠vel esse ano e voc√™s v√£o acompanhar e participar de tudo ",Entertainment
8L180z70WT8,A chata da minha irm√£ 34 (SE EU FOSSE VOC√ä),2020-08-26 21:24:05+00:00,UCz2A8OXLR2xwYE63zWbu7IA,Wiris Viana,2020-09-01 00:00:00+00:00,2932148,98886,3985,3906,NOSSO CLUBINHO https://www.youtube.com/channel/UCz2A8OXLR2xwYE63zWbu7IA/join INSTAGRAMhttps://www.instagram.com/wirisvianao... CONTATO E-MAILproducaowirisviana@gmail.com FACEBOOKhttps://www.facebook.com/wirisvianaof... TIK TOKhttps://vm.tiktok.com/3WcKD2/,Comedy
npO0__4ofN0,OLHA o que Luxemburgo falou ap√≥s ser DEMITIDO do Palmeiras!,2020-10-15 04:37:40+00:00,UCv-Nx8pSfG_LxbViMz14RWQ,Jovem Pan Esportes,2020-10-18 00:00:00+00:00,428761,11745,447,1475,Vanderlei Luxemburgo foi demitido ap√≥s Palmeiras x Coritiba. Veja o que ele falou depois da decis√£o da diretoria do Verd√£o. Link do v√≠deo: https://youtu.be/npO0__4ofN0#JovemPan #Camisa10 Inscreva-se no nosso canal:http://www.youtube.com/jovempanesportesEntre no nosso site:http://jovempan.com.br/esportesFacebook:https://www.facebook.com/JovemPanEsportesSiga no Twitter:https://twitter.com/JovemPanEsporteInstagram:https://www.instagram.com/jovempanesportes,Sports
SKGJJI4whPQ,Neve... No Outuno... Em Hor√°rio de Ver√£o!? ,2020-10-30 14:51:09+00:00,UCGl-muGnQctGYX8D0I9RKmA,PequenoSapeca,2020-11-06 00:00:00+00:00,68037,13668,59,485,"Curso do BRKsEDU: https://curso.brksedu.com.brBaixe GR√ÅTIS o Bil√¥metro e economize $$$ - http://bilometro.brksedu.com.brV√≠deo mostrando a primeira neve da temporada... e nevou durante o Outono, n√£o no Inverno, ainda no hor√°rio de Ver√£o! Aproveitamos para mostrar a neve aos nossos gatos, Kimi e Logan.Redes sociais da Sapeca:- Facebook: http://www.facebook.com/BRKsPequenaSapeca- Twitter: @BRKsSapeca- Instagram: http://www.instagram.com/PequenaSapecaAssine Epidemic Sound - biblioteca de √°udio que usamos para nossos v√≠deos - com nosso link de afiliado: http://share.epidemicsound.com/BRKsEDURedes sociais do BRKsEDU:- Twitter: @BRKsEDU- Instagram: http://www.instagram.com/BRKsEDU- Facebook: http://www.facebook.com/BRKsEDUObrigado por assistir! =)Contato comercial: comercial @ brksedu . com . br",Entertainment
j6XTck-nefI,AULA EM CASA - 1¬∫ AO 3¬∫ ANO - ENSINO FUNDAMENTAL - 12.08.2020,2020-08-12 15:05:59+00:00,UCPkki9_16-rRYo5bkZI3eLA,Aula em Casa 4 Amazonas,2020-08-17 00:00:00+00:00,21566,868,132,108,,Education
nd4n8McjA6w,"J√¥, ela sempre falou mal de voc√™, dispara Mateus sobre Lidi | A Fazenda 12",2020-11-25 13:47:44+00:00,UCw4YGFtvDgOL09KrFpqj6kg,A Fazenda,2020-11-26 00:00:00+00:00,518764,18031,626,8759,"Durante a manh√£ desta quarta (25), Jojo e Mateus tiveram uma longa conversa sobre a postura de Lidi na √∫ltima vota√ß√£o. O ator avaliou ainda outros participantes que nunca o enganaram. Assista!Assine o PlayPlus e tenha acesso √† transmiss√£o 24 horas de A Fazenda 12.Inscreva-se no canal A Fazenda: http://r7.com/8IZb Site oficial: https://afazenda.r7.com/a-fazenda-12Assista √†s √≠ntegras no PlayPlus: https://www.playplus.comTikTok: https://vm.tiktok.com/ZS5cTvgC/Facebook: https://www.facebook.com/AFazendaRecordInstagram: https://www.instagram.com/afazendarecordTwitter: https://twitter.com/afazendarecord#AFazenda12 #MarcosMion #FogoNoFeno",Entertainment
ZRRxRRK4BwM,A reca√≠da - Z√© Vaqueiro,2021-05-27 14:00:12+00:00,UCF1QpivnnDnbM85kPbR-sWA,Z√© Vaqueiro,2021-06-07 00:00:00+00:00,6087704,197293,2850,7046,"#ZeVaqueiro #Arecaida #VibeOriginalA reca√≠da (Z√© vaqueiro)A reca√≠da vai existir, voc√™ me ligaE eu come√ßo a te ouvir, se explicar, tenta me convencerQue a nossa briga eu tenho que esquecerPede outra chance pra o nosso amorEu n√£o aguento, e de novo eu te douVou te falar s√≥ essa vezN√£o joga fora todo amor que eu te deiWhat is love?Baby, don't hurt meBaby, don't hurt meNo moreFICHA T√âCNICA:Dire√ß√£o geral: Ingra SoaresDire√ß√£o de v√≠deo: HD Fortaleza Dire√ß√£o de Arte:  Ray VelosoArtista Vybbe (85) 98214.8585https://www.instagram.com/vybbe_/Siga o Z√© Vaqueiro nas redes sociais!Siga no Instagramhttp://www.instagram.com/zevaqueiro‚ÄãInscreva-se e ative o sininhohttp://www.YouTube.com/Zevaqueiro‚ÄãCurta a fanpage no Facebook https://www.facebook.com/zevaqueiroooriginalSegue no Tiktok https://vm.tiktok.com/ZMeCw87sN/Siga-me no Twitterhttps://twitter.com/zevaqueiro",Music
ZyTTq8OVqT4,WhatsApp: At√© que Fim CHEGOU esse Recurso! Veja COMO ATIVAR no seu Telefone!,2020-12-04 00:10:00+00:00,UCddVa_i8yri-wNyomMMUiXg,BPV,2020-12-12 00:00:00+00:00,186030,6312,442,504,"At√© que fim chegou recurso muito aguardado no WhatsApp, veja como ativar no seu celular. https://youtu.be/ZyTTq8OVqT4 COMPARTILHE! #BPV‚úîÔ∏èSE INSCREVA para Receber mais V√≠deos e Dicas, CLIQUE AQUI: http://bit.ly/Canal_BPV‚úîÔ∏èTenha acesso ao meu WhatsApp pessoal Seja Membro do canal: https://bit.ly/32wHCWK ‚úîÔ∏èInstagram Oficial do canal, me segue l√°: https://www.instagram.com/bpv_oficial/‚úîÔ∏èAcesse o Site Oficial do Canal BPV: https://canalbpv.com/SUPER PROMO√á√ÉOü°áCurso de Forma√ß√£o de T√©cnico em Inform√°tica que eu recomendo: https://go.hotmart.com/E16841167Qü°áOs Melhores Antiv√≠rus com DESCONTO DE 50% - Use o cupom: BPV50Baixar o Kaspersky Security Cloud: https://bit.ly/36cMYcgBaixar o Kaspersky total Security: https://bit.ly/3n0HOWMBaixar o Kaspersky Internet Security: https://bit.ly/30fJnq2Baixar o Kaspersky Antiv√≠rus 2020: https://bit.ly/2FWZr9hBaixar o Kaspersky para Android: https://bit.ly/2VOimbeSeguran√ßa Kaspersky para computadores: https://bit.ly/3iXXCqXKaspersky VPN Secure Connection:  https://bit.ly/30iqD9gKaspersky Safe Kids: https://bit.ly/2GeNuM2Kaspersky Password Manager: https://bit.ly/3kTiS1yAssista mais Dicas SENSACIONAISü°áComo Ter um MAIOR DESEMPENHO no PC, Fa√ßa isso de 15 em 15 Dias: https://youtu.be/RJU8HhdCxbENotebook ESQUENTANDO Muito e DESLIGANDO Sozinho? GUIA COMPLETO: https://youtu.be/Z7DagyZCOSUPromo√ß√µes em Computadores e inform√°tica: https://amzn.to/2Ij5kOOSeu Windows Muito MAIS R√ÅPIDO - Melhor DESEMPENHO no PCü°áSSD Wd Green de 120GB: https://amzn.to/3jY3VKVSSD Kingston de 120GB S√©rie A400: https://amzn.to/3oRxG3mSSD Adata de 120GB SU650: https://amzn.to/34R5t54Como Deixar um PC ANTIGO Mais R√°pido (SEGREDO REVELADO): https://youtu.be/hSpKfcbg8UUServi√ßos de Hospedagem de Sites que eu recomendo:https://www.deltaservers.com.br/Conhe√ßa a Internet que eu uso no Canal BPVü°áInternet da Brascom: http://www.brascom.net.br/Telefone e Whatsapp: (21) 4063-9101Instagram: @brascomtecnologiaE-mail: contato@brascom.net.brBaixar o NOVO Advanced SystemCare Proü°á CLIQUE AQUI: http://bit.ly/2t59FxCSUPER PROMO√á√ÉO BPVü°áNovo Advanced SystemCare Pro - Licen√ßa de 1 ano para 3 PCs + Presente! CLIQUE AQUI: http://bit.ly/34cEbD0Novo Driver Booster Pro - Licen√ßa de 1 ano para 3 PCs                      CLIQUE AQUI: https://bit.ly/3jGD0UiBaixar o Novo Driver Booster: http://bit.ly/36VrUUQBaixar o Novo Antiv√≠rus Malware Fighterü°áCLIQUE AQUI: https://bit.ly/3iAWZDRNovo Antiv√≠rus Malware Fighter - Comprar Licen√ßa de 1 ano/3 PCs doü°áCLIQUE AQUI: http://bit.ly/2W32KBFNovo IObit Uninstaller PRO - Licen√ßa de 1 ano para 3 PCs - Oferta BPV: http://bit.ly/2HgWE8gBaixar o Novo IObit Uninstaller: http://ow.ly/ITT330adIOFBaixar o Novo Smart Defrag: http://ow.ly/cQK230abLGeContato Comercialü°á Anunciar no Canal BPV: bpvtvhd2@gmail.comAqui est√£o os pre√ßos de an√∫ncios no Canal BPV:An√∫ncio r√°pido no in√≠cio do v√≠deo de 10 √† 15 segundos: R$800,00 reaisV√≠deo inteiro dedicado ao produto: R$1500,00 reaisCr√©ditosü°á Banner/Intro/Logotipo/vinhetaContato: Patr√≠cia CamposE-MAIL: patycampos.2013@gmail.comTel: 21 98267-7243 (Este telefone √© s√≥ para quem deseja contratar para fazer banner e vinheta para canais do Youtube).",Science & Technology
6fdXsoVNJis,EVERGLOW - LA DI DA / Haejun X Tina Boo X Lia Kim Choreography,2020-09-23 12:00:03+00:00,UCw8ZhLPdQ0u_Y-TLKd61hGA,1MILLION Dance Studio,2020-09-28 00:00:00+00:00,1914145,162581,1107,3867,"Choreographer / Haejun, Tina Boo, Lia KimSong / EVERGLOW - LA DI DATo enjoy membership benefits, click ‚ÄúJOIN‚Äù at the link below:https://www.youtube.com/channel/UCw8ZhLPdQ0u_Y-TLKd61hGA/joinFind out more about 1MILLION Dance StudioWebsite: www.1milliondance.comInstagram:  @1milliondance#1MILLION* Currently, 1MILLION thoroughly complies with government regulation and practices proper disinfection of the studio.",Entertainment
